{
    "name": "password",
    "title": "Password",
    "description": "jQuery plugin which checks passwords live against a set of criteria including personal information and dictionary words.",
    "keywords": [
        "password",
        "check",
		"validation",
		"dictionary"
    ],
    "version": "1.1.1",
    "author": {
        "name": "Edmund Gentle",
        "url": "https://github.com/edmundgentle"
    },
    "licenses": [
        {
            "type": "MIT",
            "url": "https://github.com/edmundgentle/password/blob/master/MIT-LICENSE.txt"
        }
    ],
    "bugs": "https://github.com/edmundgentle/password/issues",
    "homepage": "https://github.com/edmundgentle/password",
    "docs": "https://github.com/edmundgentle/password#readme",
    "download": "https://github.com/edmundgentle/password/archive/master.zip",
    "demo": "http://www.edmundgentle.com/snippets/password/examples/",
    "dependencies": {
        "jquery": ">=1.5"
    }
}
